P_AccountNumber,P_Password,P_FirstName,P_LastName,P_PhoneNumber,P_Mobile,P_Pincode,P_OfficeAddress,P_Email,P_PAN,P_CurrentAddress,P_Nameofcompany
IQ11247,welcome,raki,babu,8019403208,8019403208,524305,Banglore,dorasanamma@gmail.com,tuydvgfh,Banglore,Innova
IQ11250,welcome,raki1,babu1,5678943567,5678943567,540005,Mumbai,jyothi@gmail.com,hj864329,Mumbai,Technova
IQ11252,welcome,raki2,babu2,7896543789,7896543789,524305,Pune,mohan@gmail.com,uiytre657,Pune,Prime
IQ11255,welcome,raki3,babu3,6789456348,6789456348,540005,Chandigarh,siddu@gmail.com,tyuivfdg8,Chandigarh,snoway
IQ11257,welcome,raki4,babu4,8019403208,8019403208,524305,Banglore,dorasanamma@gmail.com,tuydvgfh,Banglore,Innova
IQ11259,welcome,raki5,babu5,5678943567,5678943567,540005,Mumbai,jyothi@gmail.com,hj864329,Mumbai,Technova
IQ11261,welcome,raki6,babu6,7896543789,7896543789,524305,Pune,mohan@gmail.com,uiytre657,Pune,Prime
IQ11262,welcome,raki7,babu7,6789456348,6789456348,540005,Chandigarh,siddu@gmail.com,tyuivfdg8,Chandigarh,snoway
IQ11263,welcome,raki8,babu8,8019403208,8019403208,524305,Banglore,dorasanamma@gmail.com,tuydvgfh,Banglore,Innova
IQ11264,welcome,raki9,babu9,5678943567,5678943567,540005,Mumbai,jyothi@gmail.com,hj864329,Mumbai,Technova
IQ11266,welcome,raki10,babu10,7896543789,7896543789,524305,Pune,mohan@gmail.com,uiytre657,Pune,Prime
IQ11268,welcome,raki11,babu11,6789456348,6789456348,540005,Chandigarh,siddu@gmail.com,tyuivfdg8,Chandigarh,snoway
IQ11271,welcome,raki12,babu12,8019403208,8019403208,524305,Banglore,dorasanamma@gmail.com,tuydvgfh,Banglore,Innova
IQ11274,welcome,raki13,babu13,5678943567,5678943567,540005,Mumbai,jyothi@gmail.com,hj864329,Mumbai,Technova
IQ11276,welcome,raki14,babu14,7896543789,7896543789,524305,Pune,mohan@gmail.com,uiytre657,Pune,Prime
IQ11279,welcome,raki15,babu15,6789456348,6789456348,540005,Chandigarh,siddu@gmail.com,tyuivfdg8,Chandigarh,snoway
IQ11281,welcome,raki16,babu16,8019403208,8019403208,524305,Banglore,dorasanamma@gmail.com,tuydvgfh,Banglore,Innova
IQ11284,welcome,raki17,babu17,5678943567,5678943567,540005,Mumbai,jyothi@gmail.com,hj864329,Mumbai,Technova
IQ11286,welcome,raki18,babu18,7896543789,7896543789,524305,Pune,mohan@gmail.com,uiytre657,Pune,Prime
IQ11289,welcome,raki19,babu19,6789456348,6789456348,540005,Chandigarh,siddu@gmail.com,tyuivfdg8,Chandigarh,snoway
IQ11291,welcome,raki20,babu20,8019403208,8019403208,524305,Banglore,dorasanamma@gmail.com,tuydvgfh,Banglore,Innova
IQ11294,welcome,raki21,babu21,5678943567,5678943567,540005,Mumbai,jyothi@gmail.com,hj864329,Mumbai,Technova
IQ11296,welcome,raki22,babu22,7896543789,7896543789,524305,Pune,mohan@gmail.com,uiytre657,Pune,Prime
IQ11299,welcome,raki23,babu23,6789456348,6789456348,540005,Chandigarh,siddu@gmail.com,tyuivfdg8,Chandigarh,snoway
IQ11301,welcome,raki24,babu24,8019403208,8019403208,524305,Banglore,dorasanamma@gmail.com,tuydvgfh,Banglore,Innova
IQ11302,welcome,raki25,babu25,5678943567,5678943567,540005,Mumbai,jyothi@gmail.com,hj864329,Mumbai,Technova
IQ10707,welcome,raki26,babu26,7896543789,7896543789,524305,Pune,mohan@gmail.com,uiytre657,Pune,Prime
IQ10708,welcome,raki27,babu27,6789456348,6789456348,540005,Chandigarh,siddu@gmail.com,tyuivfdg8,Chandigarh,snoway
IQ10709,welcome,raki28,babu28,8019403208,8019403208,524305,Banglore,dorasanamma@gmail.com,tuydvgfh,Banglore,Innova
IQ10710,welcome,raki29,babu29,5678943567,5678943567,540005,Mumbai,jyothi@gmail.com,hj864329,Mumbai,Technova
IQ10711,welcome,raki30,babu30,7896543789,7896543789,524305,Pune,mohan@gmail.com,uiytre657,Pune,Prime
IQ10712,welcome,raki31,babu31,6789456348,6789456348,540005,Chandigarh,siddu@gmail.com,tyuivfdg8,Chandigarh,snoway
IQ10713,welcome,raki32,babu32,8019403208,8019403208,524305,Banglore,dorasanamma@gmail.com,tuydvgfh,Banglore,Innova
IQ10714,welcome,raki33,babu33,5678943567,5678943567,540005,Mumbai,jyothi@gmail.com,hj864329,Mumbai,Technova
IQ10715,welcome,raki34,babu34,7896543789,7896543789,524305,Pune,mohan@gmail.com,uiytre657,Pune,Prime
IQ10716,welcome,raki35,babu35,6789456348,6789456348,540005,Chandigarh,siddu@gmail.com,tyuivfdg8,Chandigarh,snoway
IQ10717,welcome,raki36,babu36,8019403208,8019403208,524305,Banglore,dorasanamma@gmail.com,tuydvgfh,Banglore,Innova
IQ10718,welcome,raki37,babu37,5678943567,5678943567,540005,Mumbai,jyothi@gmail.com,hj864329,Mumbai,Technova
IQ10719,welcome,raki38,babu38,7896543789,7896543789,524305,Pune,mohan@gmail.com,uiytre657,Pune,Prime
IQ10720,welcome,raki39,babu39,6789456348,6789456348,540005,Chandigarh,siddu@gmail.com,tyuivfdg8,Chandigarh,snoway
IQ10721,welcome,raki40,babu40,8019403208,8019403208,524305,Banglore,dorasanamma@gmail.com,tuydvgfh,Banglore,Innova
IQ10722,welcome,raki41,babu41,5678943567,5678943567,540005,Mumbai,jyothi@gmail.com,hj864329,Mumbai,Technova
IQ10723,welcome,raki42,babu42,7896543789,7896543789,524305,Pune,mohan@gmail.com,uiytre657,Pune,Prime
IQ10724,welcome,raki43,babu43,6789456348,6789456348,540005,Chandigarh,siddu@gmail.com,tyuivfdg8,Chandigarh,snoway
IQ10725,welcome,raki44,babu44,8019403208,8019403208,524305,Banglore,dorasanamma@gmail.com,tuydvgfh,Banglore,Innova
IQ10726,welcome,raki45,babu45,5678943567,5678943567,540005,Mumbai,jyothi@gmail.com,hj864329,Mumbai,Technova
IQ10727,welcome,raki46,babu46,7896543789,7896543789,524305,Pune,mohan@gmail.com,uiytre657,Pune,Prime
IQ10728,welcome,raki47,babu47,6789456348,6789456348,540005,Chandigarh,siddu@gmail.com,tyuivfdg8,Chandigarh,snoway
IQ10729,welcome,raki48,babu48,8019403208,8019403208,524305,Banglore,dorasanamma@gmail.com,tuydvgfh,Banglore,Innova
IQ10730,welcome,raki49,babu49,5678943567,5678943567,540005,Mumbai,jyothi@gmail.com,hj864329,Mumbai,Technova
IQ10731,welcome,raki50,babu50,7896543789,7896543789,524305,Pune,mohan@gmail.com,uiytre657,Pune,Prime
IQ10732,welcome,raki51,babu51,6789456348,6789456348,540005,Chandigarh,siddu@gmail.com,tyuivfdg8,Chandigarh,snoway
IQ10733,welcome,raki52,babu52,8019403208,8019403208,524305,Banglore,dorasanamma@gmail.com,tuydvgfh,Banglore,Innova
IQ10734,welcome,raki53,babu53,5678943567,5678943567,540005,Mumbai,jyothi@gmail.com,hj864329,Mumbai,Technova
IQ10735,welcome,raki54,babu54,7896543789,7896543789,524305,Pune,mohan@gmail.com,uiytre657,Pune,Prime
IQ10736,welcome,raki55,babu55,6789456348,6789456348,540005,Chandigarh,siddu@gmail.com,tyuivfdg8,Chandigarh,snoway
IQ10737,welcome,raki56,babu56,8019403208,8019403208,524305,Banglore,dorasanamma@gmail.com,tuydvgfh,Banglore,Innova
IQ10738,welcome,raki57,babu57,5678943567,5678943567,540005,Mumbai,jyothi@gmail.com,hj864329,Mumbai,Technova
IQ10739,welcome,raki58,babu58,7896543789,7896543789,524305,Pune,mohan@gmail.com,uiytre657,Pune,Prime
IQ10740,welcome,raki59,babu59,6789456348,6789456348,540005,Chandigarh,siddu@gmail.com,tyuivfdg8,Chandigarh,snoway
IQ10741,welcome,raki60,babu60,8019403208,8019403208,524305,Banglore,dorasanamma@gmail.com,tuydvgfh,Banglore,Innova
IQ10742,welcome,raki61,babu61,5678943567,5678943567,540005,Mumbai,jyothi@gmail.com,hj864329,Mumbai,Technova
IQ10743,welcome,raki62,babu62,7896543789,7896543789,524305,Pune,mohan@gmail.com,uiytre657,Pune,Prime
IQ10744,welcome,raki63,babu63,6789456348,6789456348,540005,Chandigarh,siddu@gmail.com,tyuivfdg8,Chandigarh,snoway
IQ10745,welcome,raki64,babu64,8019403208,8019403208,524305,Banglore,dorasanamma@gmail.com,tuydvgfh,Banglore,Innova
IQ10746,welcome,raki65,babu65,5678943567,5678943567,540005,Mumbai,jyothi@gmail.com,hj864329,Mumbai,Technova
IQ10748,welcome,raki66,babu66,7896543789,7896543789,524305,Pune,mohan@gmail.com,uiytre657,Pune,Prime
IQ10750,welcome,raki67,babu67,6789456348,6789456348,540005,Chandigarh,siddu@gmail.com,tyuivfdg8,Chandigarh,snoway
IQ10751,welcome,raki68,babu68,8019403208,8019403208,524305,Banglore,dorasanamma@gmail.com,tuydvgfh,Banglore,Innova
IQ10753,welcome,raki69,babu69,5678943567,5678943567,540005,Mumbai,jyothi@gmail.com,hj864329,Mumbai,Technova
IQ10754,welcome,raki70,babu70,7896543789,7896543789,524305,Pune,mohan@gmail.com,uiytre657,Pune,Prime
IQ10755,welcome,raki71,babu71,6789456348,6789456348,540005,Chandigarh,siddu@gmail.com,tyuivfdg8,Chandigarh,snoway
IQ10757,welcome,raki72,babu72,8019403208,8019403208,524305,Banglore,dorasanamma@gmail.com,tuydvgfh,Banglore,Innova
IQ10758,welcome,raki73,babu73,5678943567,5678943567,540005,Mumbai,jyothi@gmail.com,hj864329,Mumbai,Technova
IQ10760,welcome,raki74,babu74,7896543789,7896543789,524305,Pune,mohan@gmail.com,uiytre657,Pune,Prime
IQ10761,welcome,raki75,babu75,6789456348,6789456348,540005,Chandigarh,siddu@gmail.com,tyuivfdg8,Chandigarh,snoway
IQ10762,welcome,raki76,babu76,8019403208,8019403208,524305,Banglore,dorasanamma@gmail.com,tuydvgfh,Banglore,Innova
IQ10763,welcome,raki77,babu77,5678943567,5678943567,540005,Mumbai,jyothi@gmail.com,hj864329,Mumbai,Technova
IQ10764,welcome,raki78,babu78,7896543789,7896543789,524305,Pune,mohan@gmail.com,uiytre657,Pune,Prime
IQ10765,welcome,raki79,babu79,6789456348,6789456348,540005,Chandigarh,siddu@gmail.com,tyuivfdg8,Chandigarh,snoway
IQ10766,welcome,raki80,babu80,8019403208,8019403208,524305,Banglore,dorasanamma@gmail.com,tuydvgfh,Banglore,Innova
IQ10767,welcome,raki81,babu81,5678943567,5678943567,540005,Mumbai,jyothi@gmail.com,hj864329,Mumbai,Technova
IQ10768,welcome,raki82,babu82,7896543789,7896543789,524305,Pune,mohan@gmail.com,uiytre657,Pune,Prime
IQ10769,welcome,raki83,babu83,6789456348,6789456348,540005,Chandigarh,siddu@gmail.com,tyuivfdg8,Chandigarh,snoway
IQ10770,welcome,raki84,babu84,8019403208,8019403208,524305,Banglore,dorasanamma@gmail.com,tuydvgfh,Banglore,Innova
IQ10771,welcome,raki85,babu85,5678943567,5678943567,540005,Mumbai,jyothi@gmail.com,hj864329,Mumbai,Technova
IQ10772,welcome,raki86,babu86,7896543789,7896543789,524305,Pune,mohan@gmail.com,uiytre657,Pune,Prime
IQ10773,welcome,raki87,babu87,6789456348,6789456348,540005,Chandigarh,siddu@gmail.com,tyuivfdg8,Chandigarh,snoway
IQ10774,welcome,raki88,babu88,8019403208,8019403208,524305,Banglore,dorasanamma@gmail.com,tuydvgfh,Banglore,Innova
IQ10775,welcome,raki89,babu89,5678943567,5678943567,540005,Mumbai,jyothi@gmail.com,hj864329,Mumbai,Technova
IQ10776,welcome,raki90,babu90,7896543789,7896543789,524305,Pune,mohan@gmail.com,uiytre657,Pune,Prime
IQ10777,welcome,raki91,babu91,6789456348,6789456348,540005,Chandigarh,siddu@gmail.com,tyuivfdg8,Chandigarh,snoway
IQ10778,welcome,raki92,babu92,8019403208,8019403208,524305,Banglore,dorasanamma@gmail.com,tuydvgfh,Banglore,Innova
IQ10779,welcome,raki93,babu93,5678943567,5678943567,540005,Mumbai,jyothi@gmail.com,hj864329,Mumbai,Technova
IQ10780,welcome,raki94,babu94,7896543789,7896543789,524305,Pune,mohan@gmail.com,uiytre657,Pune,Prime
IQ10781,welcome,raki95,babu95,6789456348,6789456348,540005,Chandigarh,siddu@gmail.com,tyuivfdg8,Chandigarh,snoway
IQ10782,welcome,raki96,babu96,8019403208,8019403208,524305,Banglore,dorasanamma@gmail.com,tuydvgfh,Banglore,Innova
IQ10783,welcome,raki97,babu97,5678943567,5678943567,540005,Mumbai,jyothi@gmail.com,hj864329,Mumbai,Technova
IQ10784,welcome,raki98,babu98,7896543789,7896543789,524305,Pune,mohan@gmail.com,uiytre657,Pune,Prime
IQ10785,welcome,raki99,babu99,6789456348,6789456348,540005,Chandigarh,siddu@gmail.com,tyuivfdg8,Chandigarh,snoway
IQ10786,welcome,raki100,babu100,8019403208,8019403208,524305,Banglore,dorasanamma@gmail.com,tuydvgfh,Banglore,Innova
IQ10787,welcome,raki101,babu101,5678943567,5678943567,540005,Mumbai,jyothi@gmail.com,hj864329,Mumbai,Technova
IQ10788,welcome,raki102,babu102,7896543789,7896543789,524305,Pune,mohan@gmail.com,uiytre657,Pune,Prime
IQ10789,welcome,raki103,babu103,6789456348,6789456348,540005,Chandigarh,siddu@gmail.com,tyuivfdg8,Chandigarh,snoway
IQ10790,welcome,raki104,babu104,8019403208,8019403208,524305,Banglore,dorasanamma@gmail.com,tuydvgfh,Banglore,Innova
IQ10791,welcome,raki105,babu105,5678943567,5678943567,540005,Mumbai,jyothi@gmail.com,hj864329,Mumbai,Technova
IQ10792,welcome,raki106,babu106,7896543789,7896543789,524305,Pune,mohan@gmail.com,uiytre657,Pune,Prime
IQ10793,welcome,raki107,babu107,6789456348,6789456348,540005,Chandigarh,siddu@gmail.com,tyuivfdg8,Chandigarh,snoway
IQ10794,welcome,raki108,babu108,8019403208,8019403208,524305,Banglore,dorasanamma@gmail.com,tuydvgfh,Banglore,Innova
IQ10795,welcome,raki109,babu109,5678943567,5678943567,540005,Mumbai,jyothi@gmail.com,hj864329,Mumbai,Technova
IQ10796,welcome,raki110,babu110,7896543789,7896543789,524305,Pune,mohan@gmail.com,uiytre657,Pune,Prime
IQ10797,welcome,raki111,babu111,6789456348,6789456348,540005,Chandigarh,siddu@gmail.com,tyuivfdg8,Chandigarh,snoway
IQ10798,welcome,raki112,babu112,8019403208,8019403208,524305,Banglore,dorasanamma@gmail.com,tuydvgfh,Banglore,Innova
IQ10799,welcome,raki113,babu113,5678943567,5678943567,540005,Mumbai,jyothi@gmail.com,hj864329,Mumbai,Technova
IQ10800,welcome,raki114,babu114,7896543789,7896543789,524305,Pune,mohan@gmail.com,uiytre657,Pune,Prime
IQ10801,welcome,raki115,babu115,6789456348,6789456348,540005,Chandigarh,siddu@gmail.com,tyuivfdg8,Chandigarh,snoway
IQ10802,welcome,raki116,babu116,8019403208,8019403208,524305,Banglore,dorasanamma@gmail.com,tuydvgfh,Banglore,Innova
IQ10803,welcome,raki117,babu117,5678943567,5678943567,540005,Mumbai,jyothi@gmail.com,hj864329,Mumbai,Technova
IQ10804,welcome,raki118,babu118,7896543789,7896543789,524305,Pune,mohan@gmail.com,uiytre657,Pune,Prime
IQ10805,welcome,raki119,babu119,6789456348,6789456348,540005,Chandigarh,siddu@gmail.com,tyuivfdg8,Chandigarh,snoway
IQ10806,welcome,raki120,babu120,8019403208,8019403208,524305,Banglore,dorasanamma@gmail.com,tuydvgfh,Banglore,Innova
IQ10807,welcome,raki121,babu121,5678943567,5678943567,540005,Mumbai,jyothi@gmail.com,hj864329,Mumbai,Technova
IQ10808,welcome,raki122,babu122,7896543789,7896543789,524305,Pune,mohan@gmail.com,uiytre657,Pune,Prime
IQ10809,welcome,raki123,babu123,6789456348,6789456348,540005,Chandigarh,siddu@gmail.com,tyuivfdg8,Chandigarh,snoway
IQ10810,welcome,raki124,babu124,8019403208,8019403208,524305,Banglore,dorasanamma@gmail.com,tuydvgfh,Banglore,Innova
IQ10811,welcome,raki125,babu125,5678943567,5678943567,540005,Mumbai,jyothi@gmail.com,hj864329,Mumbai,Technova
IQ10812,welcome,raki126,babu126,7896543789,7896543789,524305,Pune,mohan@gmail.com,uiytre657,Pune,Prime
IQ10813,welcome,raki127,babu127,6789456348,6789456348,540005,Chandigarh,siddu@gmail.com,tyuivfdg8,Chandigarh,snoway
IQ10814,welcome,raki128,babu128,8019403208,8019403208,524305,Banglore,dorasanamma@gmail.com,tuydvgfh,Banglore,Innova
IQ10815,welcome,raki129,babu129,5678943567,5678943567,540005,Mumbai,jyothi@gmail.com,hj864329,Mumbai,Technova
IQ10816,welcome,raki130,babu130,7896543789,7896543789,524305,Pune,mohan@gmail.com,uiytre657,Pune,Prime
IQ10817,welcome,raki131,babu131,6789456348,6789456348,540005,Chandigarh,siddu@gmail.com,tyuivfdg8,Chandigarh,snoway
IQ10818,welcome,raki132,babu132,8019403208,8019403208,524305,Banglore,dorasanamma@gmail.com,tuydvgfh,Banglore,Innova
IQ10819,welcome,raki133,babu133,5678943567,5678943567,540005,Mumbai,jyothi@gmail.com,hj864329,Mumbai,Technova
IQ10820,welcome,raki134,babu134,7896543789,7896543789,524305,Pune,mohan@gmail.com,uiytre657,Pune,Prime
IQ10821,welcome,raki135,babu135,6789456348,6789456348,540005,Chandigarh,siddu@gmail.com,tyuivfdg8,Chandigarh,snoway
IQ10822,welcome,raki136,babu136,8019403208,8019403208,524305,Banglore,dorasanamma@gmail.com,tuydvgfh,Banglore,Innova
IQ10823,welcome,raki137,babu137,5678943567,5678943567,540005,Mumbai,jyothi@gmail.com,hj864329,Mumbai,Technova
IQ10824,welcome,raki138,babu138,7896543789,7896543789,524305,Pune,mohan@gmail.com,uiytre657,Pune,Prime
IQ10825,welcome,raki139,babu139,6789456348,6789456348,540005,Chandigarh,siddu@gmail.com,tyuivfdg8,Chandigarh,snoway
IQ10826,welcome,raki140,babu140,8019403208,8019403208,524305,Banglore,dorasanamma@gmail.com,tuydvgfh,Banglore,Innova
IQ10827,welcome,raki141,babu141,5678943567,5678943567,540005,Mumbai,jyothi@gmail.com,hj864329,Mumbai,Technova
IQ10828,welcome,raki142,babu142,7896543789,7896543789,524305,Pune,mohan@gmail.com,uiytre657,Pune,Prime
IQ10829,welcome,raki143,babu143,6789456348,6789456348,540005,Chandigarh,siddu@gmail.com,tyuivfdg8,Chandigarh,snoway
IQ10830,welcome,raki144,babu144,8019403208,8019403208,524305,Banglore,dorasanamma@gmail.com,tuydvgfh,Banglore,Innova
IQ10831,welcome,raki145,babu145,5678943567,5678943567,540005,Mumbai,jyothi@gmail.com,hj864329,Mumbai,Technova
IQ10832,welcome,raki146,babu146,7896543789,7896543789,524305,Pune,mohan@gmail.com,uiytre657,Pune,Prime
IQ10833,welcome,raki147,babu147,6789456348,6789456348,540005,Chandigarh,siddu@gmail.com,tyuivfdg8,Chandigarh,snoway
IQ10834,welcome,raki148,babu148,8019403208,8019403208,524305,Banglore,dorasanamma@gmail.com,tuydvgfh,Banglore,Innova
IQ10835,welcome,raki149,babu149,5678943567,5678943567,540005,Mumbai,jyothi@gmail.com,hj864329,Mumbai,Technova
IQ10836,welcome,raki150,babu150,7896543789,7896543789,524305,Pune,mohan@gmail.com,uiytre657,Pune,Prime
IQ10837,welcome,raki151,babu151,6789456348,6789456348,540005,Chandigarh,siddu@gmail.com,tyuivfdg8,Chandigarh,snoway
IQ10838,welcome,raki152,babu152,8019403208,8019403208,524305,Banglore,dorasanamma@gmail.com,tuydvgfh,Banglore,Innova
IQ10839,welcome,raki153,babu153,5678943567,5678943567,540005,Mumbai,jyothi@gmail.com,hj864329,Mumbai,Technova
IQ10840,welcome,raki154,babu154,7896543789,7896543789,524305,Pune,mohan@gmail.com,uiytre657,Pune,Prime
IQ10841,welcome,raki155,babu155,6789456348,6789456348,540005,Chandigarh,siddu@gmail.com,tyuivfdg8,Chandigarh,snoway
IQ10842,welcome,raki156,babu156,8019403208,8019403208,524305,Banglore,dorasanamma@gmail.com,tuydvgfh,Banglore,Innova
IQ10843,welcome,raki157,babu157,5678943567,5678943567,540005,Mumbai,jyothi@gmail.com,hj864329,Mumbai,Technova
IQ10844,welcome,raki158,babu158,7896543789,7896543789,524305,Pune,mohan@gmail.com,uiytre657,Pune,Prime
IQ10845,welcome,raki159,babu159,6789456348,6789456348,540005,Chandigarh,siddu@gmail.com,tyuivfdg8,Chandigarh,snoway
IQ10846,welcome,raki160,babu160,8019403208,8019403208,524305,Banglore,dorasanamma@gmail.com,tuydvgfh,Banglore,Innova
IQ10847,welcome,raki161,babu161,5678943567,5678943567,540005,Mumbai,jyothi@gmail.com,hj864329,Mumbai,Technova
IQ10848,welcome,raki162,babu162,7896543789,7896543789,524305,Pune,mohan@gmail.com,uiytre657,Pune,Prime
IQ10849,welcome,raki163,babu163,6789456348,6789456348,540005,Chandigarh,siddu@gmail.com,tyuivfdg8,Chandigarh,snoway
IQ10850,welcome,raki164,babu164,8019403208,8019403208,524305,Banglore,dorasanamma@gmail.com,tuydvgfh,Banglore,Innova
IQ10851,welcome,raki165,babu165,5678943567,5678943567,540005,Mumbai,jyothi@gmail.com,hj864329,Mumbai,Technova
IQ10852,welcome,raki166,babu166,7896543789,7896543789,524305,Pune,mohan@gmail.com,uiytre657,Pune,Prime
IQ10853,welcome,raki167,babu167,6789456348,6789456348,540005,Chandigarh,siddu@gmail.com,tyuivfdg8,Chandigarh,snoway
IQ10854,welcome,raki168,babu168,8019403208,8019403208,524305,Banglore,dorasanamma@gmail.com,tuydvgfh,Banglore,Innova
IQ10855,welcome,raki169,babu169,5678943567,5678943567,540005,Mumbai,jyothi@gmail.com,hj864329,Mumbai,Technova
IQ10856,welcome,raki170,babu170,7896543789,7896543789,524305,Pune,mohan@gmail.com,uiytre657,Pune,Prime
IQ10857,welcome,raki171,babu171,6789456348,6789456348,540005,Chandigarh,siddu@gmail.com,tyuivfdg8,Chandigarh,snoway
IQ10858,welcome,raki172,babu172,8019403208,8019403208,524305,Banglore,dorasanamma@gmail.com,tuydvgfh,Banglore,Innova
IQ10859,welcome,raki173,babu173,5678943567,5678943567,540005,Mumbai,jyothi@gmail.com,hj864329,Mumbai,Technova
IQ10860,welcome,raki174,babu174,7896543789,7896543789,524305,Pune,mohan@gmail.com,uiytre657,Pune,Prime
IQ10861,welcome,raki175,babu175,6789456348,6789456348,540005,Chandigarh,siddu@gmail.com,tyuivfdg8,Chandigarh,snoway
IQ10862,welcome,raki176,babu176,8019403208,8019403208,524305,Banglore,dorasanamma@gmail.com,tuydvgfh,Banglore,Innova
IQ10863,welcome,raki177,babu177,5678943567,5678943567,540005,Mumbai,jyothi@gmail.com,hj864329,Mumbai,Technova
IQ10865,welcome,raki178,babu178,7896543789,7896543789,524305,Pune,mohan@gmail.com,uiytre657,Pune,Prime
IQ10866,welcome,raki179,babu179,6789456348,6789456348,540005,Chandigarh,siddu@gmail.com,tyuivfdg8,Chandigarh,snoway
IQ10867,welcome,raki180,babu180,8019403208,8019403208,524305,Banglore,dorasanamma@gmail.com,tuydvgfh,Banglore,Innova
IQ10869,welcome,raki181,babu181,5678943567,5678943567,540005,Mumbai,jyothi@gmail.com,hj864329,Mumbai,Technova
IQ10871,welcome,raki182,babu182,7896543789,7896543789,524305,Pune,mohan@gmail.com,uiytre657,Pune,Prime
IQ10873,welcome,raki183,babu183,6789456348,6789456348,540005,Chandigarh,siddu@gmail.com,tyuivfdg8,Chandigarh,snoway
IQ10874,welcome,raki184,babu184,8019403208,8019403208,524305,Banglore,dorasanamma@gmail.com,tuydvgfh,Banglore,Innova
IQ10875,welcome,raki185,babu185,5678943567,5678943567,540005,Mumbai,jyothi@gmail.com,hj864329,Mumbai,Technova
IQ10876,welcome,raki186,babu186,7896543789,7896543789,524305,Pune,mohan@gmail.com,uiytre657,Pune,Prime
IQ10877,welcome,raki187,babu187,6789456348,6789456348,540005,Chandigarh,siddu@gmail.com,tyuivfdg8,Chandigarh,snoway
IQ10878,welcome,raki188,babu188,8019403208,8019403208,524305,Banglore,dorasanamma@gmail.com,tuydvgfh,Banglore,Innova
IQ10879,welcome,raki189,babu189,5678943567,5678943567,540005,Mumbai,jyothi@gmail.com,hj864329,Mumbai,Technova
IQ10880,welcome,raki190,babu190,7896543789,7896543789,524305,Pune,mohan@gmail.com,uiytre657,Pune,Prime
IQ10881,welcome,raki191,babu191,6789456348,6789456348,540005,Chandigarh,siddu@gmail.com,tyuivfdg8,Chandigarh,snoway
IQ10882,welcome,raki192,babu192,8019403208,8019403208,524305,Banglore,dorasanamma@gmail.com,tuydvgfh,Banglore,Innova
IQ10883,welcome,raki193,babu193,5678943567,5678943567,540005,Mumbai,jyothi@gmail.com,hj864329,Mumbai,Technova
IQ10884,welcome,raki194,babu194,7896543789,7896543789,524305,Pune,mohan@gmail.com,uiytre657,Pune,Prime
IQ10885,welcome,raki195,babu195,6789456348,6789456348,540005,Chandigarh,siddu@gmail.com,tyuivfdg8,Chandigarh,snoway
IQ10886,welcome,raki196,babu196,8019403208,8019403208,524305,Banglore,dorasanamma@gmail.com,tuydvgfh,Banglore,Innova
IQ10887,welcome,raki197,babu197,5678943567,5678943567,540005,Mumbai,jyothi@gmail.com,hj864329,Mumbai,Technova
IQ10888,welcome,raki198,babu198,7896543789,7896543789,524305,Pune,mohan@gmail.com,uiytre657,Pune,Prime
IQ10889,welcome,raki199,babu199,6789456348,6789456348,540005,Chandigarh,siddu@gmail.com,tyuivfdg8,Chandigarh,snoway
IQ10890,welcome,raki200,babu200,8019403208,8019403208,524305,Banglore,dorasanamma@gmail.com,tuydvgfh,Banglore,Innova
IQ10891,welcome,raki201,babu201,5678943567,5678943567,540005,Mumbai,jyothi@gmail.com,hj864329,Mumbai,Technova
IQ10892,welcome,raki202,babu202,7896543789,7896543789,524305,Pune,mohan@gmail.com,uiytre657,Pune,Prime
IQ10893,welcome,raki203,babu203,6789456348,6789456348,540005,Chandigarh,siddu@gmail.com,tyuivfdg8,Chandigarh,snoway
IQ10894,welcome,raki204,babu204,8019403208,8019403208,524305,Banglore,dorasanamma@gmail.com,tuydvgfh,Banglore,Innova
IQ10895,welcome,raki205,babu205,5678943567,5678943567,540005,Mumbai,jyothi@gmail.com,hj864329,Mumbai,Technova
IQ10896,welcome,raki206,babu206,7896543789,7896543789,524305,Pune,mohan@gmail.com,uiytre657,Pune,Prime
IQ10897,welcome,raki207,babu207,6789456348,6789456348,540005,Chandigarh,siddu@gmail.com,tyuivfdg8,Chandigarh,snoway
IQ10898,welcome,raki208,babu208,8019403208,8019403208,524305,Banglore,dorasanamma@gmail.com,tuydvgfh,Banglore,Innova
IQ10899,welcome,raki209,babu209,5678943567,5678943567,540005,Mumbai,jyothi@gmail.com,hj864329,Mumbai,Technova
IQ10900,welcome,raki210,babu210,7896543789,7896543789,524305,Pune,mohan@gmail.com,uiytre657,Pune,Prime
IQ10901,welcome,raki211,babu211,6789456348,6789456348,540005,Chandigarh,siddu@gmail.com,tyuivfdg8,Chandigarh,snoway
IQ10902,welcome,raki212,babu212,8019403208,8019403208,524305,Banglore,dorasanamma@gmail.com,tuydvgfh,Banglore,Innova
IQ10903,welcome,raki213,babu213,5678943567,5678943567,540005,Mumbai,jyothi@gmail.com,hj864329,Mumbai,Technova
IQ10904,welcome,raki214,babu214,7896543789,7896543789,524305,Pune,mohan@gmail.com,uiytre657,Pune,Prime
IQ10905,welcome,raki215,babu215,6789456348,6789456348,540005,Chandigarh,siddu@gmail.com,tyuivfdg8,Chandigarh,snoway
IQ10906,welcome,raki216,babu216,8019403208,8019403208,524305,Banglore,dorasanamma@gmail.com,tuydvgfh,Banglore,Innova
IQ10907,welcome,raki217,babu217,5678943567,5678943567,540005,Mumbai,jyothi@gmail.com,hj864329,Mumbai,Technova
IQ10908,welcome,raki218,babu218,7896543789,7896543789,524305,Pune,mohan@gmail.com,uiytre657,Pune,Prime
IQ10909,welcome,raki219,babu219,6789456348,6789456348,540005,Chandigarh,siddu@gmail.com,tyuivfdg8,Chandigarh,snoway
IQ10910,welcome,raki220,babu220,8019403208,8019403208,524305,Banglore,dorasanamma@gmail.com,tuydvgfh,Banglore,Innova
IQ10911,welcome,raki221,babu221,5678943567,5678943567,540005,Mumbai,jyothi@gmail.com,hj864329,Mumbai,Technova
IQ10912,welcome,raki222,babu222,7896543789,7896543789,524305,Pune,mohan@gmail.com,uiytre657,Pune,Prime
IQ10913,welcome,raki223,babu223,6789456348,6789456348,540005,Chandigarh,siddu@gmail.com,tyuivfdg8,Chandigarh,snoway
IQ10914,welcome,raki224,babu224,8019403208,8019403208,524305,Banglore,dorasanamma@gmail.com,tuydvgfh,Banglore,Innova
IQ10915,welcome,raki225,babu225,5678943567,5678943567,540005,Mumbai,jyothi@gmail.com,hj864329,Mumbai,Technova
IQ10916,welcome,raki226,babu226,7896543789,7896543789,524305,Pune,mohan@gmail.com,uiytre657,Pune,Prime
IQ10917,welcome,raki227,babu227,6789456348,6789456348,540005,Chandigarh,siddu@gmail.com,tyuivfdg8,Chandigarh,snoway
IQ10918,welcome,raki228,babu228,8019403208,8019403208,524305,Banglore,dorasanamma@gmail.com,tuydvgfh,Banglore,Innova
IQ10919,welcome,raki229,babu229,5678943567,5678943567,540005,Mumbai,jyothi@gmail.com,hj864329,Mumbai,Technova
IQ10920,welcome,raki230,babu230,7896543789,7896543789,524305,Pune,mohan@gmail.com,uiytre657,Pune,Prime
IQ10921,welcome,raki231,babu231,6789456348,6789456348,540005,Chandigarh,siddu@gmail.com,tyuivfdg8,Chandigarh,snoway
IQ10922,welcome,raki232,babu232,8019403208,8019403208,524305,Banglore,dorasanamma@gmail.com,tuydvgfh,Banglore,Innova
IQ10923,welcome,raki233,babu233,5678943567,5678943567,540005,Mumbai,jyothi@gmail.com,hj864329,Mumbai,Technova
IQ10924,welcome,raki234,babu234,7896543789,7896543789,524305,Pune,mohan@gmail.com,uiytre657,Pune,Prime
IQ10925,welcome,raki235,babu235,6789456348,6789456348,540005,Chandigarh,siddu@gmail.com,tyuivfdg8,Chandigarh,snoway
IQ10926,welcome,raki236,babu236,8019403208,8019403208,524305,Banglore,dorasanamma@gmail.com,tuydvgfh,Banglore,Innova
IQ10927,welcome,raki237,babu237,5678943567,5678943567,540005,Mumbai,jyothi@gmail.com,hj864329,Mumbai,Technova
IQ10928,welcome,raki238,babu238,7896543789,7896543789,524305,Pune,mohan@gmail.com,uiytre657,Pune,Prime
IQ10929,welcome,raki239,babu239,6789456348,6789456348,540005,Chandigarh,siddu@gmail.com,tyuivfdg8,Chandigarh,snoway
IQ10930,welcome,raki240,babu240,8019403208,8019403208,524305,Banglore,dorasanamma@gmail.com,tuydvgfh,Banglore,Innova
IQ10931,welcome,raki241,babu241,5678943567,5678943567,540005,Mumbai,jyothi@gmail.com,hj864329,Mumbai,Technova
IQ10932,welcome,raki242,babu242,7896543789,7896543789,524305,Pune,mohan@gmail.com,uiytre657,Pune,Prime
IQ10933,welcome,raki243,babu243,6789456348,6789456348,540005,Chandigarh,siddu@gmail.com,tyuivfdg8,Chandigarh,snoway
IQ10934,welcome,raki244,babu244,8019403208,8019403208,524305,Banglore,dorasanamma@gmail.com,tuydvgfh,Banglore,Innova
IQ10935,welcome,raki245,babu245,5678943567,5678943567,540005,Mumbai,jyothi@gmail.com,hj864329,Mumbai,Technova
IQ10936,welcome,raki246,babu246,7896543789,7896543789,524305,Pune,mohan@gmail.com,uiytre657,Pune,Prime
IQ10937,welcome,raki247,babu247,6789456348,6789456348,540005,Chandigarh,siddu@gmail.com,tyuivfdg8,Chandigarh,snoway
IQ10938,welcome,raki248,babu248,8019403208,8019403208,524305,Banglore,dorasanamma@gmail.com,tuydvgfh,Banglore,Innova
IQ10939,welcome,raki249,babu249,5678943567,5678943567,540005,Mumbai,jyothi@gmail.com,hj864329,Mumbai,Technova
IQ10940,welcome,raki250,babu250,7896543789,7896543789,524305,Pune,mohan@gmail.com,uiytre657,Pune,Prime
IQ10941,welcome,raki251,babu251,6789456348,6789456348,540005,Chandigarh,siddu@gmail.com,tyuivfdg8,Chandigarh,snoway
IQ10942,welcome,raki252,babu252,8019403208,8019403208,524305,Banglore,dorasanamma@gmail.com,tuydvgfh,Banglore,Innova
IQ10943,welcome,raki253,babu253,5678943567,5678943567,540005,Mumbai,jyothi@gmail.com,hj864329,Mumbai,Technova
IQ10944,welcome,raki254,babu254,7896543789,7896543789,524305,Pune,mohan@gmail.com,uiytre657,Pune,Prime
IQ10945,welcome,raki255,babu255,6789456348,6789456348,540005,Chandigarh,siddu@gmail.com,tyuivfdg8,Chandigarh,snoway
IQ10946,welcome,raki256,babu256,8019403208,8019403208,524305,Banglore,dorasanamma@gmail.com,tuydvgfh,Banglore,Innova
IQ10947,welcome,raki257,babu257,5678943567,5678943567,540005,Mumbai,jyothi@gmail.com,hj864329,Mumbai,Technova
IQ10948,welcome,raki258,babu258,7896543789,7896543789,524305,Pune,mohan@gmail.com,uiytre657,Pune,Prime
IQ10949,welcome,raki259,babu259,6789456348,6789456348,540005,Chandigarh,siddu@gmail.com,tyuivfdg8,Chandigarh,snoway
IQ10950,welcome,raki260,babu260,8019403208,8019403208,524305,Banglore,dorasanamma@gmail.com,tuydvgfh,Banglore,Innova
IQ10967,welcome,raki261,babu261,5678943567,5678943567,540005,Mumbai,jyothi@gmail.com,hj864329,Mumbai,Technova
IQ10968,welcome,raki262,babu262,7896543789,7896543789,524305,Pune,mohan@gmail.com,uiytre657,Pune,Prime
IQ10969,welcome,raki263,babu263,6789456348,6789456348,540005,Chandigarh,siddu@gmail.com,tyuivfdg8,Chandigarh,snoway
IQ10970,welcome,raki264,babu264,8019403208,8019403208,524305,Banglore,dorasanamma@gmail.com,tuydvgfh,Banglore,Innova
IQ10971,welcome,raki265,babu265,5678943567,5678943567,540005,Mumbai,jyothi@gmail.com,hj864329,Mumbai,Technova
IQ10972,welcome,raki266,babu266,7896543789,7896543789,524305,Pune,mohan@gmail.com,uiytre657,Pune,Prime
IQ10973,welcome,raki267,babu267,6789456348,6789456348,540005,Chandigarh,siddu@gmail.com,tyuivfdg8,Chandigarh,snoway
IQ10974,welcome,raki268,babu268,8019403208,8019403208,524305,Banglore,dorasanamma@gmail.com,tuydvgfh,Banglore,Innova
IQ10975,welcome,raki269,babu269,5678943567,5678943567,540005,Mumbai,jyothi@gmail.com,hj864329,Mumbai,Technova
IQ10976,welcome,raki270,babu270,7896543789,7896543789,524305,Pune,mohan@gmail.com,uiytre657,Pune,Prime
IQ10978,welcome,raki271,babu271,6789456348,6789456348,540005,Chandigarh,siddu@gmail.com,tyuivfdg8,Chandigarh,snoway
IQ10980,welcome,raki272,babu272,8019403208,8019403208,524305,Banglore,dorasanamma@gmail.com,tuydvgfh,Banglore,Innova
IQ10981,welcome,raki273,babu273,5678943567,5678943567,540005,Mumbai,jyothi@gmail.com,hj864329,Mumbai,Technova
IQ10982,welcome,raki274,babu274,7896543789,7896543789,524305,Pune,mohan@gmail.com,uiytre657,Pune,Prime
IQ10983,welcome,raki275,babu275,6789456348,6789456348,540005,Chandigarh,siddu@gmail.com,tyuivfdg8,Chandigarh,snoway
IQ10985,welcome,raki276,babu276,8019403208,8019403208,524305,Banglore,dorasanamma@gmail.com,tuydvgfh,Banglore,Innova
IQ10986,welcome,raki277,babu277,5678943567,5678943567,540005,Mumbai,jyothi@gmail.com,hj864329,Mumbai,Technova
IQ10987,welcome,raki278,babu278,7896543789,7896543789,524305,Pune,mohan@gmail.com,uiytre657,Pune,Prime
IQ10988,welcome,raki279,babu279,6789456348,6789456348,540005,Chandigarh,siddu@gmail.com,tyuivfdg8,Chandigarh,snoway
IQ10990,welcome,raki280,babu280,8019403208,8019403208,524305,Banglore,dorasanamma@gmail.com,tuydvgfh,Banglore,Innova
IQ10991,welcome,raki281,babu281,5678943567,5678943567,540005,Mumbai,jyothi@gmail.com,hj864329,Mumbai,Technova
IQ10992,welcome,raki282,babu282,7896543789,7896543789,524305,Pune,mohan@gmail.com,uiytre657,Pune,Prime
IQ10993,welcome,raki283,babu283,6789456348,6789456348,540005,Chandigarh,siddu@gmail.com,tyuivfdg8,Chandigarh,snoway
IQ10994,welcome,raki284,babu284,8019403208,8019403208,524305,Banglore,dorasanamma@gmail.com,tuydvgfh,Banglore,Innova
IQ10995,welcome,raki285,babu285,5678943567,5678943567,540005,Mumbai,jyothi@gmail.com,hj864329,Mumbai,Technova
IQ10997,welcome,raki286,babu286,7896543789,7896543789,524305,Pune,mohan@gmail.com,uiytre657,Pune,Prime
IQ10998,welcome,raki287,babu287,6789456348,6789456348,540005,Chandigarh,siddu@gmail.com,tyuivfdg8,Chandigarh,snoway
IQ10999,welcome,raki288,babu288,8019403208,8019403208,524305,Banglore,dorasanamma@gmail.com,tuydvgfh,Banglore,Innova
IQ11000,welcome,raki289,babu289,5678943567,5678943567,540005,Mumbai,jyothi@gmail.com,hj864329,Mumbai,Technova
IQ11001,welcome,raki290,babu290,7896543789,7896543789,524305,Pune,mohan@gmail.com,uiytre657,Pune,Prime
IQ11003,welcome,raki291,babu291,6789456348,6789456348,540005,Chandigarh,siddu@gmail.com,tyuivfdg8,Chandigarh,snoway
IQ11004,welcome,raki292,babu292,8019403208,8019403208,524305,Banglore,dorasanamma@gmail.com,tuydvgfh,Banglore,Innova
IQ11005,welcome,raki293,babu293,5678943567,5678943567,540005,Mumbai,jyothi@gmail.com,hj864329,Mumbai,Technova
IQ11006,welcome,raki294,babu294,7896543789,7896543789,524305,Pune,mohan@gmail.com,uiytre657,Pune,Prime
IQ11007,welcome,raki295,babu295,6789456348,6789456348,540005,Chandigarh,siddu@gmail.com,tyuivfdg8,Chandigarh,snoway
IQ11008,welcome,raki296,babu296,8019403208,8019403208,524305,Banglore,dorasanamma@gmail.com,tuydvgfh,Banglore,Innova
IQ11009,welcome,raki297,babu297,5678943567,5678943567,540005,Mumbai,jyothi@gmail.com,hj864329,Mumbai,Technova
IQ11010,welcome,raki298,babu298,7896543789,7896543789,524305,Pune,mohan@gmail.com,uiytre657,Pune,Prime
IQ11011,welcome,raki299,babu299,6789456348,6789456348,540005,Chandigarh,siddu@gmail.com,tyuivfdg8,Chandigarh,snoway
