P_AccountNumber,P_Password,P_Loanamount,P_FirstName,P_LastName,P_PhoneNumber,P_Mobile,P_Pincode,P_OfficeAddress,P_Email,P_PAN,P_CurrentAddress,P_Nameofcompany
IQ11247,welcome,10000,raki,babu,8019403208,8019403208,524305,Banglore,dorasanamma@gmail.com,tuydvgfh,Banglore,Innova
IQ11250,welcome,200000,raki1,babu1,5678943567,5678943567,540005,Mumbai,jyothi@gmail.com,hj864329,Mumbai,Technova
IQ11252,welcome,60000,raki2,babu2,7896543789,7896543789,524305,Pune,mohan@gmail.com,uiytre657,Pune,Prime
IQ11255,welcome,80000,raki3,babu3,6789456348,6789456348,540005,Chandigarh,siddu@gmail.com,tyuivfdg8,Chandigarh,snoway
IQ11257,welcome,10000,raki4,babu4,8019403208,8019403208,524305,Banglore,dorasanamma@gmail.com,tuydvgfh,Banglore,Innova
IQ11259,welcome,200000,raki5,babu5,5678943567,5678943567,540005,Mumbai,jyothi@gmail.com,hj864329,Mumbai,Technova
IQ11261,welcome,60000,raki6,babu6,7896543789,7896543789,524305,Pune,mohan@gmail.com,uiytre657,Pune,Prime
IQ11262,welcome,80000,raki7,babu7,6789456348,6789456348,540005,Chandigarh,siddu@gmail.com,tyuivfdg8,Chandigarh,snoway
IQ11263,welcome,10000,raki8,babu8,8019403208,8019403208,524305,Banglore,dorasanamma@gmail.com,tuydvgfh,Banglore,Innova
IQ11264,welcome,200000,raki9,babu9,5678943567,5678943567,540005,Mumbai,jyothi@gmail.com,hj864329,Mumbai,Technova
IQ11266,welcome,60000,raki10,babu10,7896543789,7896543789,524305,Pune,mohan@gmail.com,uiytre657,Pune,Prime
IQ11268,welcome,80000,raki11,babu11,6789456348,6789456348,540005,Chandigarh,siddu@gmail.com,tyuivfdg8,Chandigarh,snoway
IQ11271,welcome,10000,raki12,babu12,8019403208,8019403208,524305,Banglore,dorasanamma@gmail.com,tuydvgfh,Banglore,Innova
IQ11274,welcome,200000,raki13,babu13,5678943567,5678943567,540005,Mumbai,jyothi@gmail.com,hj864329,Mumbai,Technova
IQ11276,welcome,60000,raki14,babu14,7896543789,7896543789,524305,Pune,mohan@gmail.com,uiytre657,Pune,Prime
IQ11279,welcome,80000,raki15,babu15,6789456348,6789456348,540005,Chandigarh,siddu@gmail.com,tyuivfdg8,Chandigarh,snoway
IQ11281,welcome,10000,raki16,babu16,8019403208,8019403208,524305,Banglore,dorasanamma@gmail.com,tuydvgfh,Banglore,Innova
IQ11284,welcome,200000,raki17,babu17,5678943567,5678943567,540005,Mumbai,jyothi@gmail.com,hj864329,Mumbai,Technova
IQ11286,welcome,60000,raki18,babu18,7896543789,7896543789,524305,Pune,mohan@gmail.com,uiytre657,Pune,Prime
IQ11289,welcome,80000,raki19,babu19,6789456348,6789456348,540005,Chandigarh,siddu@gmail.com,tyuivfdg8,Chandigarh,snoway
IQ11291,welcome,10000,raki20,babu20,8019403208,8019403208,524305,Banglore,dorasanamma@gmail.com,tuydvgfh,Banglore,Innova
IQ11294,welcome,200000,raki21,babu21,5678943567,5678943567,540005,Mumbai,jyothi@gmail.com,hj864329,Mumbai,Technova
IQ11296,welcome,60000,raki22,babu22,7896543789,7896543789,524305,Pune,mohan@gmail.com,uiytre657,Pune,Prime
IQ11299,welcome,80000,raki23,babu23,6789456348,6789456348,540005,Chandigarh,siddu@gmail.com,tyuivfdg8,Chandigarh,snoway
IQ11301,welcome,10000,raki24,babu24,8019403208,8019403208,524305,Banglore,dorasanamma@gmail.com,tuydvgfh,Banglore,Innova
IQ11302,welcome,200000,raki25,babu25,5678943567,5678943567,540005,Mumbai,jyothi@gmail.com,hj864329,Mumbai,Technova
IQ10707,welcome,60000,raki26,babu26,7896543789,7896543789,524305,Pune,mohan@gmail.com,uiytre657,Pune,Prime
IQ10708,welcome,80000,raki27,babu27,6789456348,6789456348,540005,Chandigarh,siddu@gmail.com,tyuivfdg8,Chandigarh,snoway
IQ10709,welcome,10000,raki28,babu28,8019403208,8019403208,524305,Banglore,dorasanamma@gmail.com,tuydvgfh,Banglore,Innova
IQ10710,welcome,200000,raki29,babu29,5678943567,5678943567,540005,Mumbai,jyothi@gmail.com,hj864329,Mumbai,Technova
IQ10711,welcome,60000,raki30,babu30,7896543789,7896543789,524305,Pune,mohan@gmail.com,uiytre657,Pune,Prime
IQ10712,welcome,80000,raki31,babu31,6789456348,6789456348,540005,Chandigarh,siddu@gmail.com,tyuivfdg8,Chandigarh,snoway
IQ10713,welcome,10000,raki32,babu32,8019403208,8019403208,524305,Banglore,dorasanamma@gmail.com,tuydvgfh,Banglore,Innova
IQ10714,welcome,200000,raki33,babu33,5678943567,5678943567,540005,Mumbai,jyothi@gmail.com,hj864329,Mumbai,Technova
IQ10715,welcome,60000,raki34,babu34,7896543789,7896543789,524305,Pune,mohan@gmail.com,uiytre657,Pune,Prime
IQ10716,welcome,80000,raki35,babu35,6789456348,6789456348,540005,Chandigarh,siddu@gmail.com,tyuivfdg8,Chandigarh,snoway
IQ10717,welcome,10000,raki36,babu36,8019403208,8019403208,524305,Banglore,dorasanamma@gmail.com,tuydvgfh,Banglore,Innova
IQ10718,welcome,200000,raki37,babu37,5678943567,5678943567,540005,Mumbai,jyothi@gmail.com,hj864329,Mumbai,Technova
IQ10719,welcome,60000,raki38,babu38,7896543789,7896543789,524305,Pune,mohan@gmail.com,uiytre657,Pune,Prime
IQ10720,welcome,80000,raki39,babu39,6789456348,6789456348,540005,Chandigarh,siddu@gmail.com,tyuivfdg8,Chandigarh,snoway
IQ10721,welcome,10000,raki40,babu40,8019403208,8019403208,524305,Banglore,dorasanamma@gmail.com,tuydvgfh,Banglore,Innova
IQ10722,welcome,200000,raki41,babu41,5678943567,5678943567,540005,Mumbai,jyothi@gmail.com,hj864329,Mumbai,Technova
IQ10723,welcome,60000,raki42,babu42,7896543789,7896543789,524305,Pune,mohan@gmail.com,uiytre657,Pune,Prime
IQ10724,welcome,80000,raki43,babu43,6789456348,6789456348,540005,Chandigarh,siddu@gmail.com,tyuivfdg8,Chandigarh,snoway
IQ10725,welcome,10000,raki44,babu44,8019403208,8019403208,524305,Banglore,dorasanamma@gmail.com,tuydvgfh,Banglore,Innova
IQ10726,welcome,200000,raki45,babu45,5678943567,5678943567,540005,Mumbai,jyothi@gmail.com,hj864329,Mumbai,Technova
IQ10727,welcome,60000,raki46,babu46,7896543789,7896543789,524305,Pune,mohan@gmail.com,uiytre657,Pune,Prime
IQ10728,welcome,80000,raki47,babu47,6789456348,6789456348,540005,Chandigarh,siddu@gmail.com,tyuivfdg8,Chandigarh,snoway
IQ10729,welcome,10000,raki48,babu48,8019403208,8019403208,524305,Banglore,dorasanamma@gmail.com,tuydvgfh,Banglore,Innova
IQ10730,welcome,200000,raki49,babu49,5678943567,5678943567,540005,Mumbai,jyothi@gmail.com,hj864329,Mumbai,Technova
IQ10731,welcome,60000,raki50,babu50,7896543789,7896543789,524305,Pune,mohan@gmail.com,uiytre657,Pune,Prime
IQ10732,welcome,80000,raki51,babu51,6789456348,6789456348,540005,Chandigarh,siddu@gmail.com,tyuivfdg8,Chandigarh,snoway
IQ10733,welcome,10000,raki52,babu52,8019403208,8019403208,524305,Banglore,dorasanamma@gmail.com,tuydvgfh,Banglore,Innova
IQ10734,welcome,200000,raki53,babu53,5678943567,5678943567,540005,Mumbai,jyothi@gmail.com,hj864329,Mumbai,Technova
IQ10735,welcome,60000,raki54,babu54,7896543789,7896543789,524305,Pune,mohan@gmail.com,uiytre657,Pune,Prime
IQ10736,welcome,80000,raki55,babu55,6789456348,6789456348,540005,Chandigarh,siddu@gmail.com,tyuivfdg8,Chandigarh,snoway
IQ10737,welcome,10000,raki56,babu56,8019403208,8019403208,524305,Banglore,dorasanamma@gmail.com,tuydvgfh,Banglore,Innova
IQ10738,welcome,200000,raki57,babu57,5678943567,5678943567,540005,Mumbai,jyothi@gmail.com,hj864329,Mumbai,Technova
IQ10739,welcome,60000,raki58,babu58,7896543789,7896543789,524305,Pune,mohan@gmail.com,uiytre657,Pune,Prime
IQ10740,welcome,80000,raki59,babu59,6789456348,6789456348,540005,Chandigarh,siddu@gmail.com,tyuivfdg8,Chandigarh,snoway
IQ10741,welcome,10000,raki60,babu60,8019403208,8019403208,524305,Banglore,dorasanamma@gmail.com,tuydvgfh,Banglore,Innova
IQ10742,welcome,200000,raki61,babu61,5678943567,5678943567,540005,Mumbai,jyothi@gmail.com,hj864329,Mumbai,Technova
IQ10743,welcome,60000,raki62,babu62,7896543789,7896543789,524305,Pune,mohan@gmail.com,uiytre657,Pune,Prime
IQ10744,welcome,80000,raki63,babu63,6789456348,6789456348,540005,Chandigarh,siddu@gmail.com,tyuivfdg8,Chandigarh,snoway
IQ10745,welcome,10000,raki64,babu64,8019403208,8019403208,524305,Banglore,dorasanamma@gmail.com,tuydvgfh,Banglore,Innova
IQ10746,welcome,200000,raki65,babu65,5678943567,5678943567,540005,Mumbai,jyothi@gmail.com,hj864329,Mumbai,Technova
IQ10748,welcome,60000,raki66,babu66,7896543789,7896543789,524305,Pune,mohan@gmail.com,uiytre657,Pune,Prime
IQ10750,welcome,80000,raki67,babu67,6789456348,6789456348,540005,Chandigarh,siddu@gmail.com,tyuivfdg8,Chandigarh,snoway
IQ10751,welcome,10000,raki68,babu68,8019403208,8019403208,524305,Banglore,dorasanamma@gmail.com,tuydvgfh,Banglore,Innova
IQ10753,welcome,200000,raki69,babu69,5678943567,5678943567,540005,Mumbai,jyothi@gmail.com,hj864329,Mumbai,Technova
IQ10754,welcome,60000,raki70,babu70,7896543789,7896543789,524305,Pune,mohan@gmail.com,uiytre657,Pune,Prime
IQ10755,welcome,80000,raki71,babu71,6789456348,6789456348,540005,Chandigarh,siddu@gmail.com,tyuivfdg8,Chandigarh,snoway
IQ10757,welcome,10000,raki72,babu72,8019403208,8019403208,524305,Banglore,dorasanamma@gmail.com,tuydvgfh,Banglore,Innova
IQ10758,welcome,200000,raki73,babu73,5678943567,5678943567,540005,Mumbai,jyothi@gmail.com,hj864329,Mumbai,Technova
IQ10760,welcome,60000,raki74,babu74,7896543789,7896543789,524305,Pune,mohan@gmail.com,uiytre657,Pune,Prime
IQ10761,welcome,80000,raki75,babu75,6789456348,6789456348,540005,Chandigarh,siddu@gmail.com,tyuivfdg8,Chandigarh,snoway
IQ10762,welcome,10000,raki76,babu76,8019403208,8019403208,524305,Banglore,dorasanamma@gmail.com,tuydvgfh,Banglore,Innova
IQ10763,welcome,200000,raki77,babu77,5678943567,5678943567,540005,Mumbai,jyothi@gmail.com,hj864329,Mumbai,Technova
IQ10764,welcome,60000,raki78,babu78,7896543789,7896543789,524305,Pune,mohan@gmail.com,uiytre657,Pune,Prime
IQ10765,welcome,80000,raki79,babu79,6789456348,6789456348,540005,Chandigarh,siddu@gmail.com,tyuivfdg8,Chandigarh,snoway
IQ10766,welcome,10000,raki80,babu80,8019403208,8019403208,524305,Banglore,dorasanamma@gmail.com,tuydvgfh,Banglore,Innova
IQ10767,welcome,200000,raki81,babu81,5678943567,5678943567,540005,Mumbai,jyothi@gmail.com,hj864329,Mumbai,Technova
IQ10768,welcome,60000,raki82,babu82,7896543789,7896543789,524305,Pune,mohan@gmail.com,uiytre657,Pune,Prime
IQ10769,welcome,80000,raki83,babu83,6789456348,6789456348,540005,Chandigarh,siddu@gmail.com,tyuivfdg8,Chandigarh,snoway
IQ10770,welcome,10000,raki84,babu84,8019403208,8019403208,524305,Banglore,dorasanamma@gmail.com,tuydvgfh,Banglore,Innova
IQ10771,welcome,200000,raki85,babu85,5678943567,5678943567,540005,Mumbai,jyothi@gmail.com,hj864329,Mumbai,Technova
IQ10772,welcome,60000,raki86,babu86,7896543789,7896543789,524305,Pune,mohan@gmail.com,uiytre657,Pune,Prime
IQ10773,welcome,80000,raki87,babu87,6789456348,6789456348,540005,Chandigarh,siddu@gmail.com,tyuivfdg8,Chandigarh,snoway
IQ10774,welcome,10000,raki88,babu88,8019403208,8019403208,524305,Banglore,dorasanamma@gmail.com,tuydvgfh,Banglore,Innova
IQ10775,welcome,200000,raki89,babu89,5678943567,5678943567,540005,Mumbai,jyothi@gmail.com,hj864329,Mumbai,Technova
IQ10776,welcome,60000,raki90,babu90,7896543789,7896543789,524305,Pune,mohan@gmail.com,uiytre657,Pune,Prime
IQ10777,welcome,80000,raki91,babu91,6789456348,6789456348,540005,Chandigarh,siddu@gmail.com,tyuivfdg8,Chandigarh,snoway
IQ10778,welcome,10000,raki92,babu92,8019403208,8019403208,524305,Banglore,dorasanamma@gmail.com,tuydvgfh,Banglore,Innova
IQ10779,welcome,200000,raki93,babu93,5678943567,5678943567,540005,Mumbai,jyothi@gmail.com,hj864329,Mumbai,Technova
IQ10780,welcome,60000,raki94,babu94,7896543789,7896543789,524305,Pune,mohan@gmail.com,uiytre657,Pune,Prime
IQ10781,welcome,80000,raki95,babu95,6789456348,6789456348,540005,Chandigarh,siddu@gmail.com,tyuivfdg8,Chandigarh,snoway
IQ10782,welcome,10000,raki96,babu96,8019403208,8019403208,524305,Banglore,dorasanamma@gmail.com,tuydvgfh,Banglore,Innova
IQ10783,welcome,200000,raki97,babu97,5678943567,5678943567,540005,Mumbai,jyothi@gmail.com,hj864329,Mumbai,Technova
IQ10784,welcome,60000,raki98,babu98,7896543789,7896543789,524305,Pune,mohan@gmail.com,uiytre657,Pune,Prime
IQ10785,welcome,80000,raki99,babu99,6789456348,6789456348,540005,Chandigarh,siddu@gmail.com,tyuivfdg8,Chandigarh,snoway
IQ10786,welcome,10000,raki100,babu100,8019403208,8019403208,524305,Banglore,dorasanamma@gmail.com,tuydvgfh,Banglore,Innova
IQ10787,welcome,200000,raki101,babu101,5678943567,5678943567,540005,Mumbai,jyothi@gmail.com,hj864329,Mumbai,Technova
IQ10788,welcome,60000,raki102,babu102,7896543789,7896543789,524305,Pune,mohan@gmail.com,uiytre657,Pune,Prime
IQ10789,welcome,80000,raki103,babu103,6789456348,6789456348,540005,Chandigarh,siddu@gmail.com,tyuivfdg8,Chandigarh,snoway
IQ10790,welcome,10000,raki104,babu104,8019403208,8019403208,524305,Banglore,dorasanamma@gmail.com,tuydvgfh,Banglore,Innova
IQ10791,welcome,200000,raki105,babu105,5678943567,5678943567,540005,Mumbai,jyothi@gmail.com,hj864329,Mumbai,Technova
IQ10792,welcome,60000,raki106,babu106,7896543789,7896543789,524305,Pune,mohan@gmail.com,uiytre657,Pune,Prime
IQ10793,welcome,80000,raki107,babu107,6789456348,6789456348,540005,Chandigarh,siddu@gmail.com,tyuivfdg8,Chandigarh,snoway
IQ10794,welcome,10000,raki108,babu108,8019403208,8019403208,524305,Banglore,dorasanamma@gmail.com,tuydvgfh,Banglore,Innova
IQ10795,welcome,200000,raki109,babu109,5678943567,5678943567,540005,Mumbai,jyothi@gmail.com,hj864329,Mumbai,Technova
IQ10796,welcome,60000,raki110,babu110,7896543789,7896543789,524305,Pune,mohan@gmail.com,uiytre657,Pune,Prime
IQ10797,welcome,80000,raki111,babu111,6789456348,6789456348,540005,Chandigarh,siddu@gmail.com,tyuivfdg8,Chandigarh,snoway
IQ10798,welcome,10000,raki112,babu112,8019403208,8019403208,524305,Banglore,dorasanamma@gmail.com,tuydvgfh,Banglore,Innova
IQ10799,welcome,200000,raki113,babu113,5678943567,5678943567,540005,Mumbai,jyothi@gmail.com,hj864329,Mumbai,Technova
IQ10800,welcome,60000,raki114,babu114,7896543789,7896543789,524305,Pune,mohan@gmail.com,uiytre657,Pune,Prime
IQ10801,welcome,80000,raki115,babu115,6789456348,6789456348,540005,Chandigarh,siddu@gmail.com,tyuivfdg8,Chandigarh,snoway
IQ10802,welcome,10000,raki116,babu116,8019403208,8019403208,524305,Banglore,dorasanamma@gmail.com,tuydvgfh,Banglore,Innova
IQ10803,welcome,200000,raki117,babu117,5678943567,5678943567,540005,Mumbai,jyothi@gmail.com,hj864329,Mumbai,Technova
IQ10804,welcome,60000,raki118,babu118,7896543789,7896543789,524305,Pune,mohan@gmail.com,uiytre657,Pune,Prime
IQ10805,welcome,80000,raki119,babu119,6789456348,6789456348,540005,Chandigarh,siddu@gmail.com,tyuivfdg8,Chandigarh,snoway
IQ10806,welcome,10000,raki120,babu120,8019403208,8019403208,524305,Banglore,dorasanamma@gmail.com,tuydvgfh,Banglore,Innova
IQ10807,welcome,200000,raki121,babu121,5678943567,5678943567,540005,Mumbai,jyothi@gmail.com,hj864329,Mumbai,Technova
IQ10808,welcome,60000,raki122,babu122,7896543789,7896543789,524305,Pune,mohan@gmail.com,uiytre657,Pune,Prime
IQ10809,welcome,80000,raki123,babu123,6789456348,6789456348,540005,Chandigarh,siddu@gmail.com,tyuivfdg8,Chandigarh,snoway
IQ10810,welcome,10000,raki124,babu124,8019403208,8019403208,524305,Banglore,dorasanamma@gmail.com,tuydvgfh,Banglore,Innova
IQ10811,welcome,200000,raki125,babu125,5678943567,5678943567,540005,Mumbai,jyothi@gmail.com,hj864329,Mumbai,Technova
IQ10812,welcome,60000,raki126,babu126,7896543789,7896543789,524305,Pune,mohan@gmail.com,uiytre657,Pune,Prime
IQ10813,welcome,80000,raki127,babu127,6789456348,6789456348,540005,Chandigarh,siddu@gmail.com,tyuivfdg8,Chandigarh,snoway
IQ10814,welcome,10000,raki128,babu128,8019403208,8019403208,524305,Banglore,dorasanamma@gmail.com,tuydvgfh,Banglore,Innova
IQ10815,welcome,200000,raki129,babu129,5678943567,5678943567,540005,Mumbai,jyothi@gmail.com,hj864329,Mumbai,Technova
IQ10816,welcome,60000,raki130,babu130,7896543789,7896543789,524305,Pune,mohan@gmail.com,uiytre657,Pune,Prime
IQ10817,welcome,80000,raki131,babu131,6789456348,6789456348,540005,Chandigarh,siddu@gmail.com,tyuivfdg8,Chandigarh,snoway
IQ10818,welcome,10000,raki132,babu132,8019403208,8019403208,524305,Banglore,dorasanamma@gmail.com,tuydvgfh,Banglore,Innova
IQ10819,welcome,200000,raki133,babu133,5678943567,5678943567,540005,Mumbai,jyothi@gmail.com,hj864329,Mumbai,Technova
IQ10820,welcome,60000,raki134,babu134,7896543789,7896543789,524305,Pune,mohan@gmail.com,uiytre657,Pune,Prime
IQ10821,welcome,80000,raki135,babu135,6789456348,6789456348,540005,Chandigarh,siddu@gmail.com,tyuivfdg8,Chandigarh,snoway
IQ10822,welcome,10000,raki136,babu136,8019403208,8019403208,524305,Banglore,dorasanamma@gmail.com,tuydvgfh,Banglore,Innova
IQ10823,welcome,200000,raki137,babu137,5678943567,5678943567,540005,Mumbai,jyothi@gmail.com,hj864329,Mumbai,Technova
IQ10824,welcome,60000,raki138,babu138,7896543789,7896543789,524305,Pune,mohan@gmail.com,uiytre657,Pune,Prime
IQ10825,welcome,80000,raki139,babu139,6789456348,6789456348,540005,Chandigarh,siddu@gmail.com,tyuivfdg8,Chandigarh,snoway
IQ10826,welcome,10000,raki140,babu140,8019403208,8019403208,524305,Banglore,dorasanamma@gmail.com,tuydvgfh,Banglore,Innova
IQ10827,welcome,200000,raki141,babu141,5678943567,5678943567,540005,Mumbai,jyothi@gmail.com,hj864329,Mumbai,Technova
IQ10828,welcome,60000,raki142,babu142,7896543789,7896543789,524305,Pune,mohan@gmail.com,uiytre657,Pune,Prime
IQ10829,welcome,80000,raki143,babu143,6789456348,6789456348,540005,Chandigarh,siddu@gmail.com,tyuivfdg8,Chandigarh,snoway
IQ10830,welcome,10000,raki144,babu144,8019403208,8019403208,524305,Banglore,dorasanamma@gmail.com,tuydvgfh,Banglore,Innova
IQ10831,welcome,200000,raki145,babu145,5678943567,5678943567,540005,Mumbai,jyothi@gmail.com,hj864329,Mumbai,Technova
IQ10832,welcome,60000,raki146,babu146,7896543789,7896543789,524305,Pune,mohan@gmail.com,uiytre657,Pune,Prime
IQ10833,welcome,80000,raki147,babu147,6789456348,6789456348,540005,Chandigarh,siddu@gmail.com,tyuivfdg8,Chandigarh,snoway
IQ10834,welcome,10000,raki148,babu148,8019403208,8019403208,524305,Banglore,dorasanamma@gmail.com,tuydvgfh,Banglore,Innova
IQ10835,welcome,200000,raki149,babu149,5678943567,5678943567,540005,Mumbai,jyothi@gmail.com,hj864329,Mumbai,Technova
IQ10836,welcome,60000,raki150,babu150,7896543789,7896543789,524305,Pune,mohan@gmail.com,uiytre657,Pune,Prime
IQ10837,welcome,80000,raki151,babu151,6789456348,6789456348,540005,Chandigarh,siddu@gmail.com,tyuivfdg8,Chandigarh,snoway
IQ10838,welcome,10000,raki152,babu152,8019403208,8019403208,524305,Banglore,dorasanamma@gmail.com,tuydvgfh,Banglore,Innova
IQ10839,welcome,200000,raki153,babu153,5678943567,5678943567,540005,Mumbai,jyothi@gmail.com,hj864329,Mumbai,Technova
IQ10840,welcome,60000,raki154,babu154,7896543789,7896543789,524305,Pune,mohan@gmail.com,uiytre657,Pune,Prime
IQ10841,welcome,80000,raki155,babu155,6789456348,6789456348,540005,Chandigarh,siddu@gmail.com,tyuivfdg8,Chandigarh,snoway
IQ10842,welcome,10000,raki156,babu156,8019403208,8019403208,524305,Banglore,dorasanamma@gmail.com,tuydvgfh,Banglore,Innova
IQ10843,welcome,200000,raki157,babu157,5678943567,5678943567,540005,Mumbai,jyothi@gmail.com,hj864329,Mumbai,Technova
IQ10844,welcome,60000,raki158,babu158,7896543789,7896543789,524305,Pune,mohan@gmail.com,uiytre657,Pune,Prime
IQ10845,welcome,80000,raki159,babu159,6789456348,6789456348,540005,Chandigarh,siddu@gmail.com,tyuivfdg8,Chandigarh,snoway
IQ10846,welcome,10000,raki160,babu160,8019403208,8019403208,524305,Banglore,dorasanamma@gmail.com,tuydvgfh,Banglore,Innova
IQ10847,welcome,200000,raki161,babu161,5678943567,5678943567,540005,Mumbai,jyothi@gmail.com,hj864329,Mumbai,Technova
IQ10848,welcome,60000,raki162,babu162,7896543789,7896543789,524305,Pune,mohan@gmail.com,uiytre657,Pune,Prime
IQ10849,welcome,80000,raki163,babu163,6789456348,6789456348,540005,Chandigarh,siddu@gmail.com,tyuivfdg8,Chandigarh,snoway
IQ10850,welcome,10000,raki164,babu164,8019403208,8019403208,524305,Banglore,dorasanamma@gmail.com,tuydvgfh,Banglore,Innova
IQ10851,welcome,200000,raki165,babu165,5678943567,5678943567,540005,Mumbai,jyothi@gmail.com,hj864329,Mumbai,Technova
IQ10852,welcome,60000,raki166,babu166,7896543789,7896543789,524305,Pune,mohan@gmail.com,uiytre657,Pune,Prime
IQ10853,welcome,80000,raki167,babu167,6789456348,6789456348,540005,Chandigarh,siddu@gmail.com,tyuivfdg8,Chandigarh,snoway
IQ10854,welcome,10000,raki168,babu168,8019403208,8019403208,524305,Banglore,dorasanamma@gmail.com,tuydvgfh,Banglore,Innova
IQ10855,welcome,200000,raki169,babu169,5678943567,5678943567,540005,Mumbai,jyothi@gmail.com,hj864329,Mumbai,Technova
IQ10856,welcome,60000,raki170,babu170,7896543789,7896543789,524305,Pune,mohan@gmail.com,uiytre657,Pune,Prime
IQ10857,welcome,80000,raki171,babu171,6789456348,6789456348,540005,Chandigarh,siddu@gmail.com,tyuivfdg8,Chandigarh,snoway
IQ10858,welcome,10000,raki172,babu172,8019403208,8019403208,524305,Banglore,dorasanamma@gmail.com,tuydvgfh,Banglore,Innova
IQ10859,welcome,200000,raki173,babu173,5678943567,5678943567,540005,Mumbai,jyothi@gmail.com,hj864329,Mumbai,Technova
IQ10860,welcome,60000,raki174,babu174,7896543789,7896543789,524305,Pune,mohan@gmail.com,uiytre657,Pune,Prime
IQ10861,welcome,80000,raki175,babu175,6789456348,6789456348,540005,Chandigarh,siddu@gmail.com,tyuivfdg8,Chandigarh,snoway
IQ10862,welcome,10000,raki176,babu176,8019403208,8019403208,524305,Banglore,dorasanamma@gmail.com,tuydvgfh,Banglore,Innova
IQ10863,welcome,200000,raki177,babu177,5678943567,5678943567,540005,Mumbai,jyothi@gmail.com,hj864329,Mumbai,Technova
IQ10865,welcome,60000,raki178,babu178,7896543789,7896543789,524305,Pune,mohan@gmail.com,uiytre657,Pune,Prime
IQ10866,welcome,80000,raki179,babu179,6789456348,6789456348,540005,Chandigarh,siddu@gmail.com,tyuivfdg8,Chandigarh,snoway
IQ10867,welcome,10000,raki180,babu180,8019403208,8019403208,524305,Banglore,dorasanamma@gmail.com,tuydvgfh,Banglore,Innova
IQ10869,welcome,200000,raki181,babu181,5678943567,5678943567,540005,Mumbai,jyothi@gmail.com,hj864329,Mumbai,Technova
IQ10871,welcome,60000,raki182,babu182,7896543789,7896543789,524305,Pune,mohan@gmail.com,uiytre657,Pune,Prime
IQ10873,welcome,80000,raki183,babu183,6789456348,6789456348,540005,Chandigarh,siddu@gmail.com,tyuivfdg8,Chandigarh,snoway
IQ10874,welcome,10000,raki184,babu184,8019403208,8019403208,524305,Banglore,dorasanamma@gmail.com,tuydvgfh,Banglore,Innova
IQ10875,welcome,200000,raki185,babu185,5678943567,5678943567,540005,Mumbai,jyothi@gmail.com,hj864329,Mumbai,Technova
IQ10876,welcome,60000,raki186,babu186,7896543789,7896543789,524305,Pune,mohan@gmail.com,uiytre657,Pune,Prime
IQ10877,welcome,80000,raki187,babu187,6789456348,6789456348,540005,Chandigarh,siddu@gmail.com,tyuivfdg8,Chandigarh,snoway
IQ10878,welcome,10000,raki188,babu188,8019403208,8019403208,524305,Banglore,dorasanamma@gmail.com,tuydvgfh,Banglore,Innova
IQ10879,welcome,200000,raki189,babu189,5678943567,5678943567,540005,Mumbai,jyothi@gmail.com,hj864329,Mumbai,Technova
IQ10880,welcome,60000,raki190,babu190,7896543789,7896543789,524305,Pune,mohan@gmail.com,uiytre657,Pune,Prime
IQ10881,welcome,80000,raki191,babu191,6789456348,6789456348,540005,Chandigarh,siddu@gmail.com,tyuivfdg8,Chandigarh,snoway
IQ10882,welcome,10000,raki192,babu192,8019403208,8019403208,524305,Banglore,dorasanamma@gmail.com,tuydvgfh,Banglore,Innova
IQ10883,welcome,200000,raki193,babu193,5678943567,5678943567,540005,Mumbai,jyothi@gmail.com,hj864329,Mumbai,Technova
IQ10884,welcome,60000,raki194,babu194,7896543789,7896543789,524305,Pune,mohan@gmail.com,uiytre657,Pune,Prime
IQ10885,welcome,80000,raki195,babu195,6789456348,6789456348,540005,Chandigarh,siddu@gmail.com,tyuivfdg8,Chandigarh,snoway
IQ10886,welcome,10000,raki196,babu196,8019403208,8019403208,524305,Banglore,dorasanamma@gmail.com,tuydvgfh,Banglore,Innova
IQ10887,welcome,200000,raki197,babu197,5678943567,5678943567,540005,Mumbai,jyothi@gmail.com,hj864329,Mumbai,Technova
IQ10888,welcome,60000,raki198,babu198,7896543789,7896543789,524305,Pune,mohan@gmail.com,uiytre657,Pune,Prime
IQ10889,welcome,80000,raki199,babu199,6789456348,6789456348,540005,Chandigarh,siddu@gmail.com,tyuivfdg8,Chandigarh,snoway
IQ10890,welcome,10000,raki200,babu200,8019403208,8019403208,524305,Banglore,dorasanamma@gmail.com,tuydvgfh,Banglore,Innova
IQ10891,welcome,200000,raki201,babu201,5678943567,5678943567,540005,Mumbai,jyothi@gmail.com,hj864329,Mumbai,Technova
IQ10892,welcome,60000,raki202,babu202,7896543789,7896543789,524305,Pune,mohan@gmail.com,uiytre657,Pune,Prime
IQ10893,welcome,80000,raki203,babu203,6789456348,6789456348,540005,Chandigarh,siddu@gmail.com,tyuivfdg8,Chandigarh,snoway
IQ10894,welcome,10000,raki204,babu204,8019403208,8019403208,524305,Banglore,dorasanamma@gmail.com,tuydvgfh,Banglore,Innova
IQ10895,welcome,200000,raki205,babu205,5678943567,5678943567,540005,Mumbai,jyothi@gmail.com,hj864329,Mumbai,Technova
IQ10896,welcome,60000,raki206,babu206,7896543789,7896543789,524305,Pune,mohan@gmail.com,uiytre657,Pune,Prime
IQ10897,welcome,80000,raki207,babu207,6789456348,6789456348,540005,Chandigarh,siddu@gmail.com,tyuivfdg8,Chandigarh,snoway
IQ10898,welcome,10000,raki208,babu208,8019403208,8019403208,524305,Banglore,dorasanamma@gmail.com,tuydvgfh,Banglore,Innova
IQ10899,welcome,200000,raki209,babu209,5678943567,5678943567,540005,Mumbai,jyothi@gmail.com,hj864329,Mumbai,Technova
IQ10900,welcome,60000,raki210,babu210,7896543789,7896543789,524305,Pune,mohan@gmail.com,uiytre657,Pune,Prime
IQ10901,welcome,80000,raki211,babu211,6789456348,6789456348,540005,Chandigarh,siddu@gmail.com,tyuivfdg8,Chandigarh,snoway
IQ10902,welcome,10000,raki212,babu212,8019403208,8019403208,524305,Banglore,dorasanamma@gmail.com,tuydvgfh,Banglore,Innova
IQ10903,welcome,200000,raki213,babu213,5678943567,5678943567,540005,Mumbai,jyothi@gmail.com,hj864329,Mumbai,Technova
IQ10904,welcome,60000,raki214,babu214,7896543789,7896543789,524305,Pune,mohan@gmail.com,uiytre657,Pune,Prime
IQ10905,welcome,80000,raki215,babu215,6789456348,6789456348,540005,Chandigarh,siddu@gmail.com,tyuivfdg8,Chandigarh,snoway
IQ10906,welcome,10000,raki216,babu216,8019403208,8019403208,524305,Banglore,dorasanamma@gmail.com,tuydvgfh,Banglore,Innova
IQ10907,welcome,200000,raki217,babu217,5678943567,5678943567,540005,Mumbai,jyothi@gmail.com,hj864329,Mumbai,Technova
IQ10908,welcome,60000,raki218,babu218,7896543789,7896543789,524305,Pune,mohan@gmail.com,uiytre657,Pune,Prime
IQ10909,welcome,80000,raki219,babu219,6789456348,6789456348,540005,Chandigarh,siddu@gmail.com,tyuivfdg8,Chandigarh,snoway
IQ10910,welcome,10000,raki220,babu220,8019403208,8019403208,524305,Banglore,dorasanamma@gmail.com,tuydvgfh,Banglore,Innova
IQ10911,welcome,200000,raki221,babu221,5678943567,5678943567,540005,Mumbai,jyothi@gmail.com,hj864329,Mumbai,Technova
IQ10912,welcome,60000,raki222,babu222,7896543789,7896543789,524305,Pune,mohan@gmail.com,uiytre657,Pune,Prime
IQ10913,welcome,80000,raki223,babu223,6789456348,6789456348,540005,Chandigarh,siddu@gmail.com,tyuivfdg8,Chandigarh,snoway
IQ10914,welcome,10000,raki224,babu224,8019403208,8019403208,524305,Banglore,dorasanamma@gmail.com,tuydvgfh,Banglore,Innova
IQ10915,welcome,200000,raki225,babu225,5678943567,5678943567,540005,Mumbai,jyothi@gmail.com,hj864329,Mumbai,Technova
IQ10916,welcome,60000,raki226,babu226,7896543789,7896543789,524305,Pune,mohan@gmail.com,uiytre657,Pune,Prime
IQ10917,welcome,80000,raki227,babu227,6789456348,6789456348,540005,Chandigarh,siddu@gmail.com,tyuivfdg8,Chandigarh,snoway
IQ10918,welcome,10000,raki228,babu228,8019403208,8019403208,524305,Banglore,dorasanamma@gmail.com,tuydvgfh,Banglore,Innova
IQ10919,welcome,200000,raki229,babu229,5678943567,5678943567,540005,Mumbai,jyothi@gmail.com,hj864329,Mumbai,Technova
IQ10920,welcome,60000,raki230,babu230,7896543789,7896543789,524305,Pune,mohan@gmail.com,uiytre657,Pune,Prime
IQ10921,welcome,80000,raki231,babu231,6789456348,6789456348,540005,Chandigarh,siddu@gmail.com,tyuivfdg8,Chandigarh,snoway
IQ10922,welcome,10000,raki232,babu232,8019403208,8019403208,524305,Banglore,dorasanamma@gmail.com,tuydvgfh,Banglore,Innova
IQ10923,welcome,200000,raki233,babu233,5678943567,5678943567,540005,Mumbai,jyothi@gmail.com,hj864329,Mumbai,Technova
IQ10924,welcome,60000,raki234,babu234,7896543789,7896543789,524305,Pune,mohan@gmail.com,uiytre657,Pune,Prime
IQ10925,welcome,80000,raki235,babu235,6789456348,6789456348,540005,Chandigarh,siddu@gmail.com,tyuivfdg8,Chandigarh,snoway
IQ10926,welcome,10000,raki236,babu236,8019403208,8019403208,524305,Banglore,dorasanamma@gmail.com,tuydvgfh,Banglore,Innova
IQ10927,welcome,200000,raki237,babu237,5678943567,5678943567,540005,Mumbai,jyothi@gmail.com,hj864329,Mumbai,Technova
IQ10928,welcome,60000,raki238,babu238,7896543789,7896543789,524305,Pune,mohan@gmail.com,uiytre657,Pune,Prime
IQ10929,welcome,80000,raki239,babu239,6789456348,6789456348,540005,Chandigarh,siddu@gmail.com,tyuivfdg8,Chandigarh,snoway
IQ10930,welcome,10000,raki240,babu240,8019403208,8019403208,524305,Banglore,dorasanamma@gmail.com,tuydvgfh,Banglore,Innova
IQ10931,welcome,200000,raki241,babu241,5678943567,5678943567,540005,Mumbai,jyothi@gmail.com,hj864329,Mumbai,Technova
IQ10932,welcome,60000,raki242,babu242,7896543789,7896543789,524305,Pune,mohan@gmail.com,uiytre657,Pune,Prime
IQ10933,welcome,80000,raki243,babu243,6789456348,6789456348,540005,Chandigarh,siddu@gmail.com,tyuivfdg8,Chandigarh,snoway
IQ10934,welcome,10000,raki244,babu244,8019403208,8019403208,524305,Banglore,dorasanamma@gmail.com,tuydvgfh,Banglore,Innova
IQ10935,welcome,200000,raki245,babu245,5678943567,5678943567,540005,Mumbai,jyothi@gmail.com,hj864329,Mumbai,Technova
IQ10936,welcome,60000,raki246,babu246,7896543789,7896543789,524305,Pune,mohan@gmail.com,uiytre657,Pune,Prime
IQ10937,welcome,80000,raki247,babu247,6789456348,6789456348,540005,Chandigarh,siddu@gmail.com,tyuivfdg8,Chandigarh,snoway
IQ10938,welcome,10000,raki248,babu248,8019403208,8019403208,524305,Banglore,dorasanamma@gmail.com,tuydvgfh,Banglore,Innova
IQ10939,welcome,200000,raki249,babu249,5678943567,5678943567,540005,Mumbai,jyothi@gmail.com,hj864329,Mumbai,Technova
IQ10940,welcome,60000,raki250,babu250,7896543789,7896543789,524305,Pune,mohan@gmail.com,uiytre657,Pune,Prime
IQ10941,welcome,80000,raki251,babu251,6789456348,6789456348,540005,Chandigarh,siddu@gmail.com,tyuivfdg8,Chandigarh,snoway
IQ10942,welcome,10000,raki252,babu252,8019403208,8019403208,524305,Banglore,dorasanamma@gmail.com,tuydvgfh,Banglore,Innova
IQ10943,welcome,200000,raki253,babu253,5678943567,5678943567,540005,Mumbai,jyothi@gmail.com,hj864329,Mumbai,Technova
IQ10944,welcome,60000,raki254,babu254,7896543789,7896543789,524305,Pune,mohan@gmail.com,uiytre657,Pune,Prime
IQ10945,welcome,80000,raki255,babu255,6789456348,6789456348,540005,Chandigarh,siddu@gmail.com,tyuivfdg8,Chandigarh,snoway
IQ10946,welcome,10000,raki256,babu256,8019403208,8019403208,524305,Banglore,dorasanamma@gmail.com,tuydvgfh,Banglore,Innova
IQ10947,welcome,200000,raki257,babu257,5678943567,5678943567,540005,Mumbai,jyothi@gmail.com,hj864329,Mumbai,Technova
IQ10948,welcome,60000,raki258,babu258,7896543789,7896543789,524305,Pune,mohan@gmail.com,uiytre657,Pune,Prime
IQ10949,welcome,80000,raki259,babu259,6789456348,6789456348,540005,Chandigarh,siddu@gmail.com,tyuivfdg8,Chandigarh,snoway
IQ10950,welcome,10000,raki260,babu260,8019403208,8019403208,524305,Banglore,dorasanamma@gmail.com,tuydvgfh,Banglore,Innova
IQ10967,welcome,200000,raki261,babu261,5678943567,5678943567,540005,Mumbai,jyothi@gmail.com,hj864329,Mumbai,Technova
IQ10968,welcome,60000,raki262,babu262,7896543789,7896543789,524305,Pune,mohan@gmail.com,uiytre657,Pune,Prime
IQ10969,welcome,80000,raki263,babu263,6789456348,6789456348,540005,Chandigarh,siddu@gmail.com,tyuivfdg8,Chandigarh,snoway
IQ10970,welcome,10000,raki264,babu264,8019403208,8019403208,524305,Banglore,dorasanamma@gmail.com,tuydvgfh,Banglore,Innova
IQ10971,welcome,200000,raki265,babu265,5678943567,5678943567,540005,Mumbai,jyothi@gmail.com,hj864329,Mumbai,Technova
IQ10972,welcome,60000,raki266,babu266,7896543789,7896543789,524305,Pune,mohan@gmail.com,uiytre657,Pune,Prime
IQ10973,welcome,80000,raki267,babu267,6789456348,6789456348,540005,Chandigarh,siddu@gmail.com,tyuivfdg8,Chandigarh,snoway
IQ10974,welcome,10000,raki268,babu268,8019403208,8019403208,524305,Banglore,dorasanamma@gmail.com,tuydvgfh,Banglore,Innova
IQ10975,welcome,200000,raki269,babu269,5678943567,5678943567,540005,Mumbai,jyothi@gmail.com,hj864329,Mumbai,Technova
IQ10976,welcome,60000,raki270,babu270,7896543789,7896543789,524305,Pune,mohan@gmail.com,uiytre657,Pune,Prime
IQ10978,welcome,80000,raki271,babu271,6789456348,6789456348,540005,Chandigarh,siddu@gmail.com,tyuivfdg8,Chandigarh,snoway
IQ10980,welcome,10000,raki272,babu272,8019403208,8019403208,524305,Banglore,dorasanamma@gmail.com,tuydvgfh,Banglore,Innova
IQ10981,welcome,200000,raki273,babu273,5678943567,5678943567,540005,Mumbai,jyothi@gmail.com,hj864329,Mumbai,Technova
IQ10982,welcome,60000,raki274,babu274,7896543789,7896543789,524305,Pune,mohan@gmail.com,uiytre657,Pune,Prime
IQ10983,welcome,80000,raki275,babu275,6789456348,6789456348,540005,Chandigarh,siddu@gmail.com,tyuivfdg8,Chandigarh,snoway
IQ10985,welcome,10000,raki276,babu276,8019403208,8019403208,524305,Banglore,dorasanamma@gmail.com,tuydvgfh,Banglore,Innova
IQ10986,welcome,200000,raki277,babu277,5678943567,5678943567,540005,Mumbai,jyothi@gmail.com,hj864329,Mumbai,Technova
IQ10987,welcome,60000,raki278,babu278,7896543789,7896543789,524305,Pune,mohan@gmail.com,uiytre657,Pune,Prime
IQ10988,welcome,80000,raki279,babu279,6789456348,6789456348,540005,Chandigarh,siddu@gmail.com,tyuivfdg8,Chandigarh,snoway
IQ10990,welcome,10000,raki280,babu280,8019403208,8019403208,524305,Banglore,dorasanamma@gmail.com,tuydvgfh,Banglore,Innova
IQ10991,welcome,200000,raki281,babu281,5678943567,5678943567,540005,Mumbai,jyothi@gmail.com,hj864329,Mumbai,Technova
IQ10992,welcome,60000,raki282,babu282,7896543789,7896543789,524305,Pune,mohan@gmail.com,uiytre657,Pune,Prime
IQ10993,welcome,80000,raki283,babu283,6789456348,6789456348,540005,Chandigarh,siddu@gmail.com,tyuivfdg8,Chandigarh,snoway
IQ10994,welcome,10000,raki284,babu284,8019403208,8019403208,524305,Banglore,dorasanamma@gmail.com,tuydvgfh,Banglore,Innova
IQ10995,welcome,200000,raki285,babu285,5678943567,5678943567,540005,Mumbai,jyothi@gmail.com,hj864329,Mumbai,Technova
IQ10997,welcome,60000,raki286,babu286,7896543789,7896543789,524305,Pune,mohan@gmail.com,uiytre657,Pune,Prime
IQ10998,welcome,80000,raki287,babu287,6789456348,6789456348,540005,Chandigarh,siddu@gmail.com,tyuivfdg8,Chandigarh,snoway
IQ10999,welcome,10000,raki288,babu288,8019403208,8019403208,524305,Banglore,dorasanamma@gmail.com,tuydvgfh,Banglore,Innova
IQ11000,welcome,200000,raki289,babu289,5678943567,5678943567,540005,Mumbai,jyothi@gmail.com,hj864329,Mumbai,Technova
IQ11001,welcome,60000,raki290,babu290,7896543789,7896543789,524305,Pune,mohan@gmail.com,uiytre657,Pune,Prime
IQ11003,welcome,80000,raki291,babu291,6789456348,6789456348,540005,Chandigarh,siddu@gmail.com,tyuivfdg8,Chandigarh,snoway
IQ11004,welcome,10000,raki292,babu292,8019403208,8019403208,524305,Banglore,dorasanamma@gmail.com,tuydvgfh,Banglore,Innova
IQ11005,welcome,200000,raki293,babu293,5678943567,5678943567,540005,Mumbai,jyothi@gmail.com,hj864329,Mumbai,Technova
IQ11006,welcome,60000,raki294,babu294,7896543789,7896543789,524305,Pune,mohan@gmail.com,uiytre657,Pune,Prime
IQ11007,welcome,80000,raki295,babu295,6789456348,6789456348,540005,Chandigarh,siddu@gmail.com,tyuivfdg8,Chandigarh,snoway
IQ11008,welcome,10000,raki296,babu296,8019403208,8019403208,524305,Banglore,dorasanamma@gmail.com,tuydvgfh,Banglore,Innova
IQ11009,welcome,200000,raki297,babu297,5678943567,5678943567,540005,Mumbai,jyothi@gmail.com,hj864329,Mumbai,Technova
IQ11010,welcome,60000,raki298,babu298,7896543789,7896543789,524305,Pune,mohan@gmail.com,uiytre657,Pune,Prime
IQ11011,welcome,80000,raki299,babu299,6789456348,6789456348,540005,Chandigarh,siddu@gmail.com,tyuivfdg8,Chandigarh,snoway
